plant_id,12875,12876,12877,12878,12879,12880,12881,12882,12883,12884,12885,12886,12893,12896,12897,12898,12899,12910,12911,12912,12913,12914,12918,12919,12922,12925,12926,12927,12928,12929,12933,12934,12935,12936,12937,12947,12948,12949,12950,12951,12952,12953,12954,12958,12959,12960,12961,12962,12963,12964,12965,12966,12967,12968,12969,12970,12971,12972,12973,12974,12975,12976,12979,12980,12981,12982,12983,12984,12985,12986,12987,12988,12992,12993,12994,13000,13025,13034,13035,13040,13041,13042,13043,13054,13055,13056,13079,13080,13084,13085,13116,13161,13162,13163,13164,13165,13166,13237,13238,13239,13240,13308,13309,13310,13311,13312,13313,13384,13405
bus_agg,2096,3048,1079,1079,1079,2096,1079,1079,3048,1079,1079,1079,1079,3048,3048,1079,3048,1079,1079,1079,1079,1079,2011,2017,2011,2127,2054,5236,3048,2101,5236,2011,2011,2096,2096,2127,2127,3048,3048,3048,5394,2096,5394,3048,5394,5394,5394,3048,3048,3048,3048,3048,3048,3048,3048,3048,3048,3048,3048,5394,3048,2096,2096,3048,3048,2096,2096,3048,3048,3048,3048,3048,3048,3048,4195,4195,4195,4195,4195,4195,4195,7406,4195,4195,4195,5018,5413,5196,5236,5239,5394,6342,6342,6342,6342,6342,6342,7406,7406,7406,7406,7366,7366,7366,7366,7366,7366,7389,8112
type,w,w,w,s,w,w,w,w,w,w,w,w,w,s,s,w,w,w,w,w,w,w,w,w,w,w,w,w,w,w,w,w,w,w,w,w,w,w,w,w,w,w,w,w,w,w,w,w,w,w,w,w,w,w,w,w,w,w,w,w,w,w,w,w,w,w,w,s,w,w,w,w,w,w,w,w,w,w,w,w,w,w,w,w,w,w,w,w,w,w,w,s,s,s,s,s,s,s,s,s,s,s,s,s,s,s,s,s,s
1,108.032,179.20000000000002,179.20000000000002,0.0,102.144,92.16,128.0,142.336,128.0,75.52,62.412800000000004,76.8,61.44,0.0,0.0,72.96000000000001,82.176,76.8,59.136,102.4,78.08,69.632,143.62959999999998,156.088,250.6,179.0,96.9464,179.0,102.7072,80.55,48.401599999999995,143.2,56.922,5.12,76.8,130.0972,206.63760000000002,70.4512,189.184,76.8,143.2,118.016,149.644,123.392,175.54171999999997,175.54171999999997,175.54171999999997,125.52704,125.52704,125.52704,125.52704,41.216,76.8,87.1424,102.2976,127.488,119.04,89.60000000000001,89.08800000000001,143.2,102.4,128.0,51.2,63.5904,63.5904,102.4,61.44,0.0,100.864,69.12,64.768,89.08800000000001,51.8144,102.4,144.3456,143.2,128.88,134.608,202.7712,143.916,107.39999999999999,143.27159999999998,145.34799999999998,144.3456,179.0,117.0,136.5,97.5,161.1,107.39999999999999,118.5696,0.0,0.0,0.0,0.0,0.0,0.0,0.0,0.0,0.0,0.0,0.0,0.0,0.0,0.0,0.0,0.0,0.0,0.0
2,115.62800000000001,191.8,191.8,0.0,109.32600000000001,98.64000000000001,137.0,152.34400000000002,137.0,80.83000000000001,66.80120000000001,82.2,65.76,0.0,0.0,78.09,87.95400000000001,82.2,63.294000000000004,109.60000000000001,83.57000000000001,74.528,150.0488,163.064,261.8,187.0,101.2792,187.0,109.92880000000001,84.15,50.5648,149.6,59.466,5.48,82.2,135.9116,215.8728,75.40480000000001,202.48600000000002,82.2,149.6,126.31400000000001,156.332,132.068,183.38716,183.38716,183.38716,134.35316,134.35316,134.35316,134.35316,44.114000000000004,82.2,93.2696,109.49040000000001,136.452,127.41000000000001,95.9,95.352,149.6,109.60000000000001,137.0,54.800000000000004,68.06160000000001,68.06160000000001,109.60000000000001,65.76,0.0,107.956,73.98,69.322,95.352,55.457600000000006,109.60000000000001,150.7968,149.6,134.64,140.624,211.8336,150.348,112.2,149.6748,151.844,150.7968,187.0,126.0,147.0,105.0,168.3,112.2,123.8688,0.0,0.0,0.0,0.0,0.0,0.0,0.0,0.0,0.0,0.0,0.0,0.0,0.0,0.0,0.0,0.0,0.0,0.0
3,117.31600000000002,194.60000000000002,194.60000000000002,0.0,110.92200000000001,100.08000000000001,139.0,154.568,139.0,82.01,67.77640000000001,83.4,66.72,0.0,0.0,79.23,89.23800000000001,83.4,64.218,111.20000000000002,84.79,75.61600000000001,121.9648,132.54399999999998,212.79999999999998,152.0,82.3232,152.0,111.5336,68.39999999999999,41.10079999999999,121.6,48.336,5.5600000000000005,83.4,110.47359999999999,175.46880000000002,76.5056,205.442,83.4,121.6,128.15800000000002,127.072,133.996,149.06336,149.06336,149.06336,136.31452000000002,136.31452000000002,136.31452000000002,136.31452000000002,44.758,83.4,94.6312,111.08880000000002,138.44400000000002,129.27,97.30000000000001,96.74400000000001,121.6,111.20000000000002,139.0,55.60000000000001,69.05520000000001,69.05520000000001,111.20000000000002,66.72,0.0,109.53200000000001,75.06,70.334,96.74400000000001,56.26720000000001,111.20000000000002,122.57279999999999,121.6,109.44,114.304,172.1856,122.208,91.2,121.6608,123.42399999999999,122.57279999999999,152.0,151.8,177.1,126.5,136.79999999999998,91.2,100.6848,0.0,0.0,0.0,0.0,0.0,0.0,0.0,0.0,0.0,0.0,0.0,0.0,0.0,0.0,0.0,0.0,0.0,0.0
4,112.674,186.9,186.9,0.0,106.533,96.12,133.5,148.452,133.5,78.765,65.0946,80.10000000000001,64.08,0.0,0.0,76.095,85.70700000000001,80.10000000000001,61.67700000000001,106.80000000000001,81.435,72.62400000000001,111.1324,120.772,193.9,138.5,75.01160000000002,138.5,107.1204,62.325,37.4504,110.80000000000001,44.043000000000006,5.34,80.10000000000001,100.6618,159.88440000000003,73.47840000000001,197.31300000000002,80.10000000000001,110.80000000000001,123.087,115.78600000000002,128.69400000000002,135.82418,135.82418,135.82418,130.92078,130.92078,130.92078,130.92078,42.987,80.10000000000001,90.8868,106.69320000000002,132.966,124.155,93.45,92.91600000000001,110.80000000000001,106.80000000000001,133.5,53.400000000000006,66.3228,66.3228,106.80000000000001,64.08,0.0,105.19800000000001,72.09,67.551,92.91600000000001,54.040800000000004,106.80000000000001,111.6864,110.80000000000001,99.72000000000001,104.15200000000002,156.8928,111.35400000000001,83.10000000000001,110.8554,112.462,111.6864,138.5,176.39999999999998,205.79999999999998,147.0,124.65,83.10000000000001,91.7424,0.0,0.0,0.0,0.0,0.0,0.0,0.0,0.0,0.0,0.0,0.0,0.0,0.0,0.0,0.0,0.0,0.0,0.0
5,106.344,176.4,176.4,0.0,100.548,90.72,126.0,140.112,126.0,74.34,61.4376,75.6,60.480000000000004,0.0,0.0,71.82000000000001,80.892,75.6,58.212,100.8,76.86,68.544,114.34199999999998,124.25999999999999,199.49999999999997,142.5,77.178,142.5,101.1024,64.125,38.532,113.99999999999999,45.315,5.04,75.6,103.56899999999999,164.502,69.3504,186.228,75.6,113.99999999999999,116.172,119.13,121.464,139.74689999999998,139.74689999999998,139.74689999999998,123.56568,123.56568,123.56568,123.56568,40.572,75.6,85.7808,100.6992,125.496,117.18,88.2,87.696,113.99999999999999,100.8,126.0,50.4,62.5968,62.5968,100.8,60.480000000000004,0.0,99.288,68.04,63.756,87.696,51.0048,100.8,114.91199999999999,113.99999999999999,102.6,107.16,161.42399999999998,114.57,85.49999999999999,114.05699999999999,115.71,114.91199999999999,142.5,190.2,221.9,158.5,128.25,85.49999999999999,94.39199999999998,0.0,0.0,0.0,0.0,0.0,0.0,0.0,0.0,0.0,0.0,0.0,0.0,0.0,0.0,0.0,0.0,0.0,0.0
6,96.21600000000001,159.6,159.6,0.0,90.97200000000001,82.08,114.0,126.768,114.0,67.26,55.586400000000005,68.4,54.72,0.0,0.0,64.98,73.188,68.4,52.668,91.2,69.54,62.016000000000005,117.5516,127.74799999999999,205.1,146.5,79.3444,146.5,91.4736,65.925,39.61359999999999,117.19999999999999,46.586999999999996,4.5600000000000005,68.4,106.47619999999999,169.1196,62.7456,168.49200000000002,68.4,117.19999999999999,105.108,122.47399999999999,109.896,143.66961999999998,143.66961999999998,143.66961999999998,111.79751999999999,111.79751999999999,111.79751999999999,111.79751999999999,36.708,68.4,77.6112,91.1088,113.54400000000001,106.02000000000001,79.8,79.34400000000001,117.19999999999999,91.2,114.0,45.6,56.635200000000005,56.635200000000005,91.2,54.72,0.0,89.83200000000001,61.56,57.684000000000005,79.34400000000001,46.147200000000005,91.2,118.13759999999999,117.19999999999999,105.47999999999999,110.16799999999999,165.9552,117.78599999999999,87.89999999999999,117.25859999999999,118.958,118.13759999999999,146.5,165.60000000000002,193.20000000000002,138.0,131.85,87.89999999999999,97.04159999999999,0.0,0.0,0.0,0.0,0.0,0.0,0.0,0.0,0.0,0.0,0.0,0.0,0.0,0.0,0.0,0.0,0.0,0.0
7,84.4,140.0,140.0,0.0,79.80000000000001,72.0,100.0,111.2,100.0,59.0,48.760000000000005,60.0,48.0,0.0,0.0,57.0,64.2,60.0,46.2,80.0,61.0,54.400000000000006,115.5456,125.56799999999998,201.6,144.0,77.9904,144.0,80.24000000000001,64.8,38.937599999999996,115.19999999999999,45.791999999999994,4.0,60.0,104.65919999999998,166.2336,55.04,147.8,60.0,115.19999999999999,92.2,120.38399999999999,96.4,141.21792,141.21792,141.21792,98.068,98.068,98.068,98.068,32.2,60.0,68.08,79.92000000000002,99.60000000000001,93.0,70.0,69.60000000000001,115.19999999999999,80.0,100.0,40.0,49.68000000000001,49.68000000000001,80.0,48.0,0.0,78.80000000000001,54.0,50.6,69.60000000000001,40.480000000000004,80.0,116.12159999999999,115.19999999999999,103.67999999999999,108.288,163.12319999999997,115.776,86.39999999999999,115.25759999999998,116.928,116.12159999999999,144.0,132.0,154.0,110.0,129.6,86.39999999999999,95.3856,0.0,0.0,0.0,0.0,0.0,0.0,0.0,0.0,0.0,0.0,0.0,0.0,0.0,0.0,0.0,0.0,0.0,0.0
8,84.822,140.70000000000002,140.70000000000002,0.0,80.199,72.36,100.5,111.756,100.5,59.295,49.003800000000005,60.300000000000004,48.24,0.0,0.0,57.285000000000004,64.521,60.300000000000004,46.431000000000004,80.4,61.30500000000001,54.672000000000004,91.0724,98.97200000000001,158.9,113.5,61.4716,113.5,80.6412,51.075,30.690399999999997,90.8,36.093,4.0200000000000005,60.300000000000004,82.4918,131.0244,55.315200000000004,148.53900000000002,60.300000000000004,90.8,92.661,94.88600000000001,96.882,111.30718,111.30718,111.30718,98.55834,98.55834,98.55834,98.55834,32.361000000000004,60.300000000000004,68.4204,80.31960000000001,100.098,93.465,70.35000000000001,69.94800000000001,90.8,80.4,100.5,40.2,49.9284,49.9284,80.4,48.24,0.0,79.194,54.27,50.853,69.94800000000001,40.6824,80.4,91.5264,90.8,81.72,85.352,128.5728,91.254,68.10000000000001,90.8454,92.162,91.5264,113.5,104.39999999999999,121.8,87.0,102.15,68.10000000000001,75.1824,0.0,0.0,0.0,0.0,0.0,0.0,0.1552,0.92,0.92,0.92,2.3000000000000003,3.0,2.5,1.1400000000000001,0.28300000000000003,0.5660000000000001,2.5,0.456
9,99.592,165.2,165.2,1.8199999999999998,94.164,84.96,118.0,131.21599999999998,118.0,69.61999999999999,57.5368,70.8,56.64,41.86,41.86,67.25999999999999,75.756,70.8,54.516,94.39999999999999,71.97999999999999,64.192,56.569199999999995,61.47599999999999,98.69999999999999,70.5,38.1828,70.5,94.6832,31.724999999999998,19.063199999999995,56.39999999999999,22.418999999999997,4.72,70.8,51.23939999999999,81.3852,64.9472,174.404,70.8,56.39999999999999,108.79599999999999,58.937999999999995,113.752,69.13793999999999,69.13793999999999,69.13793999999999,115.72023999999999,115.72023999999999,115.72023999999999,115.72023999999999,37.995999999999995,70.8,80.33439999999999,94.3056,117.52799999999999,109.74,82.6,82.128,56.39999999999999,94.39999999999999,118.0,47.199999999999996,58.6224,58.6224,94.39999999999999,56.64,7.2072,92.984,63.72,59.708,82.128,47.7664,94.39999999999999,56.85119999999999,56.39999999999999,50.76,53.016,79.8624,56.681999999999995,42.3,56.42819999999999,57.245999999999995,56.85119999999999,70.5,82.2,95.9,68.5,63.449999999999996,42.3,46.69919999999999,15.180000000000001,1.98,15.180000000000001,15.180000000000001,0.9174000000000001,2.6862000000000004,2.2504,13.34,13.34,13.34,22.54,29.400000000000002,24.5,11.172,2.7734,5.5468,24.5,9.576
10,122.80199999999999,203.7,203.7,6.9399999999999995,116.109,104.75999999999999,145.5,161.796,145.5,85.845,70.9458,87.3,69.83999999999999,159.61999999999998,159.61999999999998,82.93499999999999,93.41099999999999,87.3,67.22099999999999,116.39999999999999,88.755,79.152,21.2636,23.108,37.1,26.5,14.3524,26.5,116.74919999999999,11.924999999999999,7.1655999999999995,21.2,8.427,5.819999999999999,87.3,19.260199999999998,30.591600000000003,80.08319999999999,215.04899999999998,87.3,21.2,134.15099999999998,22.154,140.262,25.98802,25.98802,25.98802,142.68893999999997,142.68893999999997,142.68893999999997,142.68893999999997,46.851,87.3,99.05639999999998,116.28359999999999,144.91799999999998,135.315,101.85,101.26799999999999,21.2,116.39999999999999,145.5,58.199999999999996,72.28439999999999,72.28439999999999,116.39999999999999,69.83999999999999,27.4824,114.654,78.57,73.62299999999999,101.26799999999999,58.898399999999995,116.39999999999999,21.3696,21.2,19.08,19.928,30.019199999999998,21.306,15.9,21.2106,21.518,21.3696,26.5,63.0,73.5,52.5,23.849999999999998,15.9,17.5536,34.5,4.5,34.5,34.5,2.085,6.105,5.1992,30.82,30.82,30.82,39.559999999999995,51.599999999999994,43.0,19.607999999999997,4.8675999999999995,9.735199999999999,43.0,16.416
11,105.922,175.7,175.7,7.98,100.149,90.36,125.5,139.556,125.5,74.045,61.1938,75.3,60.24,183.54000000000002,183.54000000000002,71.535,80.571,75.3,57.981,100.4,76.555,68.272,16.048,17.44,28.0,20.0,10.832,20.0,100.7012,9.0,5.4079999999999995,16.0,6.36,5.02,75.3,14.536,23.088,69.0752,185.489,75.3,16.0,115.711,16.72,120.982,19.613599999999998,19.613599999999998,19.613599999999998,123.07534,123.07534,123.07534,123.07534,40.411,75.3,85.4404,100.29960000000001,124.998,116.715,87.85,87.348,16.0,100.4,125.5,50.2,62.348400000000005,62.348400000000005,100.4,60.24,31.600800000000003,98.894,67.77,63.503,87.348,50.8024,100.4,16.128,16.0,14.4,15.040000000000001,22.656,16.080000000000002,12.0,16.008,16.240000000000002,16.128,20.0,73.8,86.1,61.5,18.0,12.0,13.248,72.68,9.48,72.68,72.68,4.3924,12.8612,7.061599999999999,41.86,41.86,41.86,76.36,99.60000000000001,83.0,37.848,9.3956,18.7912,83.0,25.764
12,89.042,147.7,147.7,10.16,84.189,75.96,105.5,117.316,105.5,62.245,51.4418,63.3,50.64,233.68,233.68,60.135,67.731,63.3,48.741,84.39999999999999,64.355,57.391999999999996,4.8144,5.232,8.4,6.0,3.2496,6.0,84.6532,2.7,1.6223999999999998,4.8,1.9080000000000001,4.22,63.3,4.3608,6.926400000000001,58.06719999999999,155.929,63.3,4.8,97.271,5.016,101.702,5.88408,5.88408,5.88408,103.46173999999999,103.46173999999999,103.46173999999999,103.46173999999999,33.971,63.3,71.8244,84.3156,105.078,98.115,73.85,73.428,4.8,84.39999999999999,105.5,42.199999999999996,52.4124,52.4124,84.39999999999999,50.64,40.2336,83.134,56.97,53.382999999999996,73.428,42.7064,84.39999999999999,4.8384,4.8,4.32,4.5120000000000005,6.7968,4.824,3.6,4.8024,4.872,4.8384,6.0,60.6,70.7,50.5,5.4,3.6,3.9744,68.53999999999999,8.94,68.53999999999999,68.53999999999999,4.1422,12.1286,10.7088,63.480000000000004,63.480000000000004,63.480000000000004,71.3,93.0,77.5,35.339999999999996,8.773,17.546,77.5,36.480000000000004
13,70.474,116.9,116.9,12.56,66.63300000000001,60.120000000000005,83.5,92.852,83.5,49.265,40.714600000000004,50.1,40.080000000000005,288.88,288.88,47.595000000000006,53.607000000000006,50.1,38.577000000000005,66.8,50.935,45.424,0.8024,0.872,1.4000000000000001,1.0,0.5416000000000001,1.0,67.0004,0.45,0.2704,0.8,0.318,3.3400000000000003,50.1,0.7268,1.1544,45.9584,123.41300000000001,50.1,0.8,76.98700000000001,0.836,80.494,0.98068,0.98068,0.98068,81.88678,81.88678,81.88678,81.88678,26.887,50.1,56.8468,66.73320000000001,83.16600000000001,77.655,58.45,58.11600000000001,0.8,66.8,83.5,33.4,41.482800000000005,41.482800000000005,66.8,40.080000000000005,49.7376,65.798,45.09,42.251000000000005,58.11600000000001,33.8008,66.8,0.8064,0.8,0.72,0.752,1.1328,0.804,0.6,0.8004,0.812,0.8064,1.0,54.0,63.0,45.0,0.9,0.6,0.6624,76.36,9.96,76.36,76.36,4.614800000000001,13.512400000000001,17.2272,102.12,102.12,102.12,83.25999999999999,108.6,90.5,41.268,10.2446,20.4892,90.5,40.812
14,49.796,82.6,82.6,12.9,47.082,42.48,59.0,65.60799999999999,59.0,34.809999999999995,28.7684,35.4,28.32,296.7,296.7,33.629999999999995,37.878,35.4,27.258,47.199999999999996,35.989999999999995,32.096,2.006,2.18,3.5,2.5,1.354,2.5,47.3416,1.125,0.6759999999999999,2.0,0.795,2.36,35.4,1.817,2.886,32.4736,87.202,35.4,2.0,54.397999999999996,2.09,56.876,2.4516999999999998,2.4516999999999998,2.4516999999999998,57.860119999999995,57.860119999999995,57.860119999999995,57.860119999999995,18.997999999999998,35.4,40.167199999999994,47.1528,58.763999999999996,54.87,41.3,41.064,2.0,47.199999999999996,59.0,23.599999999999998,29.3112,29.3112,47.199999999999996,28.32,51.084,46.492,31.86,29.854,41.064,23.8832,47.199999999999996,2.016,2.0,1.8,1.8800000000000001,2.832,2.0100000000000002,1.5,2.001,2.0300000000000002,2.016,2.5,54.0,63.0,45.0,2.25,1.5,1.656,73.60000000000001,9.6,73.60000000000001,73.60000000000001,4.448,13.024000000000001,18.8568,111.78,111.78,111.78,101.66,132.6,110.5,50.388,12.508600000000001,25.017200000000003,110.5,34.884
15,35.448,58.800000000000004,58.800000000000004,11.54,33.516000000000005,30.240000000000002,42.0,46.704,42.0,24.78,20.479200000000002,25.200000000000003,20.16,265.41999999999996,265.41999999999996,23.94,26.964000000000002,25.200000000000003,19.404,33.6,25.62,22.848000000000003,8.024,8.72,14.0,10.0,5.416,10.0,33.7008,4.5,2.7039999999999997,8.0,3.18,1.6800000000000002,25.200000000000003,7.268,11.544,23.1168,62.076,25.200000000000003,8.0,38.724000000000004,8.36,40.488,9.806799999999999,9.806799999999999,9.806799999999999,41.18856,41.18856,41.18856,41.18856,13.524000000000001,25.200000000000003,28.5936,33.5664,41.832,39.06,29.400000000000002,29.232000000000003,8.0,33.6,42.0,16.8,20.8656,20.8656,33.6,20.16,45.6984,33.096000000000004,22.68,21.252000000000002,29.232000000000003,17.0016,33.6,8.064,8.0,7.2,7.5200000000000005,11.328,8.040000000000001,6.0,8.004,8.120000000000001,8.064,10.0,47.4,55.3,39.5,9.0,6.0,6.624,61.18000000000001,7.98,61.18000000000001,61.18000000000001,3.6974000000000005,10.826200000000002,16.839199999999998,99.82,99.82,99.82,87.4,114.0,95.0,43.32,10.754,21.508,95.0,25.308
16,25.742,42.699999999999996,42.699999999999996,9.040000000000001,24.339,21.96,30.5,33.916,30.5,17.995,14.8718,18.3,14.64,207.92000000000002,207.92000000000002,17.384999999999998,19.581,18.3,14.091,24.4,18.605,16.592,16.048,17.44,28.0,20.0,10.832,20.0,24.4732,9.0,5.4079999999999995,16.0,6.36,1.22,18.3,14.536,23.088,16.7872,45.079,18.3,16.0,28.121,16.72,29.402,19.613599999999998,19.613599999999998,19.613599999999998,29.910739999999997,29.910739999999997,29.910739999999997,29.910739999999997,9.821,18.3,20.7644,24.375600000000002,30.378,28.365,21.349999999999998,21.227999999999998,16.0,24.4,30.5,12.2,15.1524,15.1524,24.4,14.64,35.7984,24.034,16.47,15.433,21.227999999999998,12.346400000000001,24.4,16.128,16.0,14.4,15.040000000000001,22.656,16.080000000000002,12.0,16.008,16.240000000000002,16.128,20.0,41.400000000000006,48.300000000000004,34.5,18.0,12.0,13.248,36.800000000000004,4.8,36.800000000000004,36.800000000000004,2.224,6.5120000000000005,10.941599999999998,64.86,64.86,64.86,55.66,72.6,60.5,27.588,6.8486,13.6972,60.5,16.872
17,21.522,35.699999999999996,35.699999999999996,4.98,20.349,18.36,25.5,28.355999999999998,25.5,15.044999999999998,12.4338,15.299999999999999,12.239999999999998,114.54,114.54,14.534999999999998,16.371,15.299999999999999,11.780999999999999,20.4,15.555,13.872,20.461199999999998,22.235999999999997,35.699999999999996,25.5,13.8108,25.5,20.461199999999998,11.475,6.895199999999999,20.4,8.109,1.02,15.299999999999999,18.533399999999997,29.4372,14.035199999999998,37.689,15.299999999999999,20.4,23.511,21.317999999999998,24.581999999999997,25.007339999999996,25.007339999999996,25.007339999999996,25.007339999999996,25.007339999999996,25.007339999999996,25.007339999999996,8.211,15.299999999999999,17.3604,20.3796,25.398,23.715,17.849999999999998,17.747999999999998,20.4,20.4,25.5,10.2,12.6684,12.6684,20.4,12.239999999999998,19.7208,20.093999999999998,13.77,12.902999999999999,17.747999999999998,10.3224,20.4,20.5632,20.4,18.36,19.176,28.8864,20.502,15.299999999999999,20.4102,20.706,20.5632,25.5,36.6,42.699999999999996,30.5,22.95,15.299999999999999,16.891199999999998,12.42,1.6199999999999999,12.42,12.42,0.7506,2.1978,4.1903999999999995,24.84,24.84,24.84,22.080000000000002,28.8,24.0,10.944,2.7168,5.4336,24.0,5.472
18,23.632,39.2,39.2,0.5800000000000001,22.344,20.16,28.0,31.136,28.0,16.52,13.652800000000001,16.8,13.44,13.34,13.34,15.96,17.976,16.8,12.936,22.400000000000002,17.080000000000002,15.232000000000001,24.072,26.16,42.0,30.0,16.248,30.0,22.4672,13.5,8.111999999999998,24.0,9.54,1.12,16.8,21.804,34.632,15.4112,41.384,16.8,24.0,25.816,25.08,26.992,29.420399999999997,29.420399999999997,29.420399999999997,27.459039999999998,27.459039999999998,27.459039999999998,27.459039999999998,9.016,16.8,19.0624,22.3776,27.888,26.04,19.6,19.488,24.0,22.400000000000002,28.0,11.200000000000001,13.910400000000001,13.910400000000001,22.400000000000002,13.44,2.2968,22.064,15.120000000000001,14.168000000000001,19.488,11.3344,22.400000000000002,24.192,24.0,21.599999999999998,22.56,33.983999999999995,24.119999999999997,18.0,24.011999999999997,24.36,24.192,30.0,43.199999999999996,50.4,36.0,27.0,18.0,19.872,0.0,0.0,0.0,0.0,0.0,0.0,0.0776,0.46,0.46,0.46,0.0,0.0,0.0,0.0,0.0,0.0,0.0,0.0
19,22.788,37.8,37.8,0.0,21.546,19.44,27.0,30.024,27.0,15.93,13.1652,16.2,12.959999999999999,0.0,0.0,15.39,17.334,16.2,12.474,21.6,16.47,14.688,39.7188,43.164,69.3,49.5,26.809200000000004,49.5,21.6648,22.275000000000002,13.3848,39.6,15.741000000000001,1.08,16.2,35.9766,57.14280000000001,14.8608,39.906,16.2,39.6,24.894,41.382000000000005,26.028,48.54366,48.54366,48.54366,26.47836,26.47836,26.47836,26.47836,8.693999999999999,16.2,18.3816,21.578400000000002,26.892,25.11,18.9,18.791999999999998,39.6,21.6,27.0,10.8,13.4136,13.4136,21.6,12.959999999999999,0.0,21.276,14.58,13.661999999999999,18.791999999999998,10.9296,21.6,39.9168,39.6,35.64,37.224000000000004,56.0736,39.798,29.700000000000003,39.6198,40.194,39.9168,49.5,43.199999999999996,50.4,36.0,44.550000000000004,29.700000000000003,32.7888,0.0,0.0,0.0,0.0,0.0,0.0,0.0,0.0,0.0,0.0,0.0,0.0,0.0,0.0,0.0,0.0,0.0,0.0
20,9.706,16.1,16.1,0.0,9.177,8.28,11.5,12.788,11.5,6.785,5.6074,6.8999999999999995,5.52,0.0,0.0,6.555,7.383,6.8999999999999995,5.313,9.2,7.015,6.256,71.41359999999999,77.60799999999999,124.6,89.0,48.2024,89.0,9.227599999999999,40.05,24.065599999999996,71.2,28.302,0.45999999999999996,6.8999999999999995,64.6852,102.7416,6.329599999999999,16.997,6.8999999999999995,71.2,10.603,74.404,11.086,87.28052,87.28052,87.28052,11.277819999999998,11.277819999999998,11.277819999999998,11.277819999999998,3.703,6.8999999999999995,7.829199999999999,9.190800000000001,11.454,10.695,8.05,8.004,71.2,9.2,11.5,4.6,5.7132,5.7132,9.2,5.52,0.0,9.062,6.21,5.819,8.004,4.6552,9.2,71.7696,71.2,64.08,66.928,100.8192,71.556,53.4,71.23559999999999,72.268,71.7696,89.0,27.599999999999998,32.2,23.0,80.1,53.4,58.953599999999994,0.0,0.0,0.0,0.0,0.0,0.0,0.0,0.0,0.0,0.0,0.0,0.0,0.0,0.0,0.0,0.0,0.0,0.0
21,2.11,3.5,3.5,0.0,1.995,1.8,2.5,2.7800000000000002,2.5,1.475,1.219,1.5,1.2,0.0,0.0,1.425,1.605,1.5,1.155,2.0,1.5250000000000001,1.36,117.5516,127.74799999999999,205.1,146.5,79.3444,146.5,2.006,65.925,39.61359999999999,117.19999999999999,46.586999999999996,0.1,1.5,106.47619999999999,169.1196,1.376,3.6950000000000003,1.5,117.19999999999999,2.305,122.47399999999999,2.41,143.66961999999998,143.66961999999998,143.66961999999998,2.4516999999999998,2.4516999999999998,2.4516999999999998,2.4516999999999998,0.805,1.5,1.702,1.9980000000000002,2.49,2.325,1.75,1.74,117.19999999999999,2.0,2.5,1.0,1.242,1.242,2.0,1.2,0.0,1.97,1.35,1.2650000000000001,1.74,1.012,2.0,118.13759999999999,117.19999999999999,105.47999999999999,110.16799999999999,165.9552,117.78599999999999,87.89999999999999,117.25859999999999,118.958,118.13759999999999,146.5,18.0,21.0,15.0,131.85,87.89999999999999,97.04159999999999,0.0,0.0,0.0,0.0,0.0,0.0,0.0,0.0,0.0,0.0,0.0,0.0,0.0,0.0,0.0,0.0,0.0,0.0
22,1.266,2.1,2.1,0.0,1.197,1.08,1.5,1.668,1.5,0.885,0.7314,0.9,0.72,0.0,0.0,0.855,0.963,0.9,0.6930000000000001,1.2,0.915,0.8160000000000001,158.474,172.22,276.5,197.5,106.96600000000001,197.5,1.2036,88.875,53.403999999999996,158.0,62.805,0.06,0.9,143.543,227.99400000000003,0.8256,2.217,0.9,158.0,1.383,165.11,1.446,193.6843,193.6843,193.6843,1.47102,1.47102,1.47102,1.47102,0.483,0.9,1.0211999999999999,1.1988,1.494,1.395,1.05,1.044,158.0,1.2,1.5,0.6,0.7452000000000001,0.7452000000000001,1.2,0.72,0.0,1.182,0.81,0.759,1.044,0.6072000000000001,1.2,159.264,158.0,142.20000000000002,148.52,223.728,158.79000000000002,118.5,158.079,160.37,159.264,197.5,23.4,27.3,19.5,177.75,118.5,130.824,0.0,0.0,0.0,0.0,0.0,0.0,0.0,0.0,0.0,0.0,0.0,0.0,0.0,0.0,0.0,0.0,0.0,0.0
23,0.0,0.0,0.0,0.0,0.0,0.0,0.0,0.0,0.0,0.0,0.0,0.0,0.0,0.0,0.0,0.0,0.0,0.0,0.0,0.0,0.0,0.0,188.96519999999998,205.356,329.7,235.5,127.5468,235.5,0.0,105.975,63.679199999999994,188.39999999999998,74.889,0.0,0.0,171.1614,271.8612,0.0,0.0,0.0,188.39999999999998,0.0,196.878,0.0,230.95013999999998,230.95013999999998,230.95013999999998,0.0,0.0,0.0,0.0,0.0,0.0,0.0,0.0,0.0,0.0,0.0,0.0,188.39999999999998,0.0,0.0,0.0,0.0,0.0,0.0,0.0,0.0,0.0,0.0,0.0,0.0,0.0,0.0,189.9072,188.39999999999998,169.56,177.096,266.77439999999996,189.34199999999998,141.29999999999998,188.49419999999998,191.226,189.9072,235.5,35.4,41.3,29.5,211.95,141.29999999999998,155.99519999999998,0.0,0.0,0.0,0.0,0.0,0.0,0.0,0.0,0.0,0.0,0.0,0.0,0.0,0.0,0.0,0.0,0.0,0.0
24,0.0,0.0,0.0,0.0,0.0,0.0,0.0,0.0,0.0,0.0,0.0,0.0,0.0,0.0,0.0,0.0,0.0,0.0,0.0,0.0,0.0,0.0,209.8276,228.02800000000002,366.1,261.5,141.6284,261.5,0.0,117.67500000000001,70.7096,209.20000000000002,83.157,0.0,0.0,190.0582,301.8756,0.0,0.0,0.0,209.20000000000002,0.0,218.614,0.0,256.44782,256.44782,256.44782,0.0,0.0,0.0,0.0,0.0,0.0,0.0,0.0,0.0,0.0,0.0,0.0,209.20000000000002,0.0,0.0,0.0,0.0,0.0,0.0,0.0,0.0,0.0,0.0,0.0,0.0,0.0,0.0,210.8736,209.20000000000002,188.28,196.648,296.2272,210.246,156.9,209.3046,212.33800000000002,210.8736,261.5,36.6,42.699999999999996,30.5,235.35000000000002,156.9,173.2176,0.0,0.0,0.0,0.0,0.0,0.0,0.0,0.0,0.0,0.0,0.0,0.0,0.0,0.0,0.0,0.0,0.0,0.0
